"Sense & Sensibility","Trollope, Joanna","June 4, 2016",sample
"And the Money Kept Rolling In (and Out) Wall Street, the..","Blustein, Paul","June 4, 2016",sample
"Life: The Movie: How Entertainment Conquered Reality","Gabler, Neal","June 4, 2016",sample
"How to Castrate a Bull: Unexpected Lessons on Risk, Growth,..","Hitz, Dave","June 4, 2016",sample
"Bad for You: Exposing the War on Fun!","Pyle, Kevin C.","June 4, 2016",sample
"Love & Friendship: In Which Jane Austen's Lady Susan Vernon..","Stillman, Whit","June 3, 2016",sample
"Eligible: A modern retelling of Pride and Prejudice","Sittenfeld, Curtis","May 31, 2016",sample
"Sweet, Thoughtful Valentine: An Isabel Dalhousie Story..","Smith, Mccall","May 30, 2016",amazon
"Free Speech: Ten Principles for a Connected World","Ash, Timothy Garton","May 30, 2016",sample
"Stumbling to Rome on the Via Francigena","Jen, Sunshine","May 28, 2016",sample
"VIA FRANCIGENA IN ITALIA (Italian Edition)","Pistolesi, Andrea","May 28, 2016",sample
"A Very Private Eye: An Autobiography in Diaries and Letters","Pym, Barbara","May 28, 2016",amazon
"The Italian Camino","Ramsay, Maggie","May 28, 2016",amazon
"The Way of St Francis: Via di Francesco: From Florence to..","Brown, The Reverend Sandy","May 28, 2016",amazon
"The Via Francigena Canterbury to Rome - Part 2: The Great St..","Raju, Alison","May 28, 2016",amazon
"Between the World and Me","Coates, Ta-Nehisi","May 27, 2016",amazon
"Between the World and Me: by Ta-Nehisi Coates | Summary &..","aBookaDay","May 27, 2016",amazon
"Borrowed","Enders, Giulia","May 24, 2016",amazon
"The Long Walk: A Pilgrimage from Canterbury to Rome","Muirhead, Robert","May 23, 2016",amazon
"Companion to the Via Francigena - Canterbury to Rome","Gallard, Babette","May 23, 2016",amazon
"Via Francigena: Practical Tips for Walking the "Italian..","LeBaron, Elinor","May 23, 2016",amazon
"Jane and the Waterloo Map (Being a Jane Austen Mystery)","Barron, Stephanie","May 22, 2016",sample
"The Adventurist: A Novel","Hipps, J. Bradford","May 21, 2016",sample
"I Hate the Internet","Kobek, Jarett","May 21, 2016",amazon
"Porcelain: A Memoir","Moby","May 21, 2016",sample
"Pretentiousness: Why It Matters","Fox, Dan","May 20, 2016",sample
"Taste in an Age of Endless Choice","Vanderbilt, Tom","May 20, 2016",sample
"Borrowed","Maloney, Alison","May 20, 2016",amazon
"The Journey in Between: The Story of a Thru-Hiking Adventure..","Foskett, Keith","May 20, 2016",amazon
"How to Talk About Places You've Never Been: On the..","Bayard, Pierre","May 17, 2016",sample
"Borrowed","DeGeneres, Ellen","May 15, 2016",amazon
"Listen, Liberal: Or, What Ever Happened to the Party of the..","Frank, Thomas","April 30, 2016",sample
"The Railway Journey: The Industrialization of Time and Space..","Schivelbusch, Wolfgang","April 28, 2016",sample
"Joyride #1","Lanzing, Jackson","April 26, 2016",sample
"Buddhisms: An Introduction","Strong, John S.","April 26, 2016",sample
"Wizard in a Witchy World","McFarlane, Jamie","April 26, 2016",amazon
"Borrow Expired","Fielding, Helen","April 25, 2016",amazon
"Hotels of North America","Moody, Rick","April 17, 2016",sample
"Borrow Expired","Spitz, Bob","April 12, 2016",amazon
"Borrow Expired","Mezrich, Ben","April 12, 2016",amazon
"Y The Last Man Book One","Vaughan, Brian K.","April 12, 2016",sample
"Borrow Expired","Tomsky, Jacob","April 11, 2016",amazon
"V for Vendetta {New Edition}","MOORE, ALAN","April 10, 2016",amazon
"The Elephants of Norwich (Domesday Series Book 11)","Marston, Edward","April 10, 2016",amazon
"Disrupted: My Misadventure in the Start-Up Bubble","Lyons, Dan","April 9, 2016",amazon
"Saga Vol. 1","Vaughan, Brian","April 9, 2016",amazon
"The Entropy of Bones","Jama-Everett, Ayize","March 31, 2016",sample
"The Sixth Lamentation","Brodrick, William","March 30, 2016",sample
"It's Even Worse Than It Looks: How the American..","Mann, Thomas E.","March 30, 2016",sample
"The Sellout: A Novel","Beatty, Paul","March 24, 2016",sample
"The Improbability of Love: A novel","Rothschild, Hannah","March 24, 2016",sample
"A Shorter History of Tractors in Ukrainian with Handcuffs","Lewycka, Marina","March 24, 2016",sample
"Strawberry Fields","Lewycka, Marina","March 24, 2016",sample
"Feynman","Ottaviani, Jim","March 22, 2016",sample
"To Forgive Design: Understanding Failure","Petroski, Henry","March 22, 2016",sample
"Small Things Considered: Why There Is No Perfect Design","Petroski, Henry","March 22, 2016",sample
"The Pencil: A History of Design and Circumstance","Petroski, Henry","March 22, 2016",sample
"The Evolution of Useful Things: How Everyday Artifacts-From..","Petroski, Henry","March 22, 2016",sample
"The Road Taken: The History and Future of America's..","Petroski, Henry","March 22, 2016",sample
"An Uncommon History of Common Things, Volume 2","Geographic, National","March 22, 2016",sample
"An Uncommon History of Common Things","Patrick, Bethanne","March 22, 2016",sample
"Unhappenings","Aubry, Edward","March 21, 2016",sample
"The Goal: A Process of Ongoing Improvement","Goldratt, Eliyahu M.","March 16, 2016",sample
"Schrodinger's Gat","Kroese, Robert","March 16, 2016",sample
"Year Zero: A Novel","Reid, Rob","March 16, 2016",amazon
"The Owls of Gloucester (Domesday Series Book 10)","Marston, Edward","March 16, 2016",amazon
"Dark Territory: The Secret History of Cyber War","Kaplan, Fred","March 16, 2016",sample
"Quartet in Autumn: Picador Classic","Pym, Barbara","March 15, 2016",amazon
"No Fond Return of Love: A Novel","Pym, Barbara","March 15, 2016",amazon
"Don Quixote","Cervantes, Miguel de","March 14, 2016",amazon
"The Italians","Hooper, John","March 13, 2016",sample
"Narconomics: How to Run a Drug Cartel","Wainwright, Tom","March 13, 2016",sample
"Gangster Warlords: Drug Dollars, Killing Fields, and the New..","Grillo, Ioan","March 13, 2016",sample
"Pilgrim Who Is Calling You?","Quinn, Owen","March 11, 2016",amazon
"The Long Way to a Small, Angry Planet (Wayfarers)","Chambers, Becky","March 10, 2016",sample
"A Knight of the Seven Kingdoms (A Song of Ice and Fire)","Martin, George R. R.","March 10, 2016",sample
"Borrow Expired","Newkey-Burden, Chas","March 7, 2016",amazon
"Borrow Expired","Higashida, Naoki","March 7, 2016",amazon
"You Could Look It Up: The Reference Shelf From Ancient..","Lynch, Jack","March 7, 2016",amazon
"Smarter Than You Think: How Technology Is Changing Our Minds..","Thompson, Clive","March 7, 2016",amazon
"Size 12 Is Not Fat (Heather Wells Mysteries)","Cabot, Meg","March 6, 2016",sample
"Pragmatism and The Meaning of Truth (with linked TOC)","James, William","March 6, 2016",amazon
"The Will to Believe : and Other Essays in Popular Philosophy","James, William","March 6, 2016",amazon
"Curse of the Spellmans: Document #2 (The Spellmans series)","Lutz, Lisa","March 6, 2016",sample
"Lisa Lutz Spellman Series E-Sampler","Lutz, Lisa","March 6, 2016",amazon
"The Cambridge Companion to Pragmatism (Cambridge Companions..","Malachowski","March 4, 2016",sample
"Pragmatism","James, William","March 4, 2016",amazon
"The Foxes of Warwick (Domesday Series Book 9)","Marston, Edward","March 4, 2016",amazon
"The Malevolent Comedy (Nicholas Bracewell)","Marston, Edward","March 1, 2016",sample
"Why Information Grows: The Evolution of Order, from Atoms to..","Hidalgo, Cesar","February 29, 2016",amazon
"The Novel Habits of Happiness (Isabel Dalhousie Mysteries..","Smith, Alexander Mccall","February 28, 2016",sample
"At the Reunion Buffet (Kindle Single): An Isabel Dalhousie..","Smith, Mccall","February 28, 2016",amazon
"The Recursive Universe: Cosmic Complexity and the Limits of..","Poundstone, WIlliam","February 25, 2016",amazon
"The Half-Life of Facts: Why Everything We Know Has an..","Arbesman, Samuel","February 25, 2016",amazon
"Nonsense: The Power of Not Knowing","Holmes, Jamie","February 25, 2016",sample
"Pogue's Basics: Essential Tips and Shortcuts (That No One..","Pogue, David","February 23, 2016",amazon
"A Universe from Nothing: Why There Is Something Rather than..","Krauss, Lawrence","February 18, 2016",sample
"A Doubter's Almanac: A Novel","Canin, Ethan","February 16, 2016",sample
"Scoop","Waugh, Evelyn","February 15, 2016",amazon
"Jane and the Twelve Days of Christmas (Being a Jane Austen..","Barron, Stephanie","February 15, 2016",amazon
"Jane and the Canterbury Tale: Being A Jane Austen Mystery","Barron, Stephanie","February 15, 2016",amazon
"The Only Game in Town: Central Banks, Instability, and..","El-Erian, Mohamed A.","February 13, 2016",amazon
"Spent: Sex, Evolution, and Consumer Behavior","Miller, Geoffrey","February 9, 2016",amazon
"Dark Money: The Hidden History of the Billionaires Behind..","Mayer, Jane","February 8, 2016",amazon
"The Sixth Extinction: An Unnatural History","Kolbert, Elizabeth","February 4, 2016",amazon
"Mycroft Holmes","Abdul-Jabbar, Kareem","February 2, 2016",amazon
"Numero Zero","Eco, Umberto","February 1, 2016",amazon
"Shared with you","Various","February 1, 2016",amazon
"The Buried Pyramid (Imhotep Book 2)","Dubs, Jerry","February 1, 2016",amazon
"Pogue's Basics: Life: Essential Tips and Shortcuts (That No..","Pogue, David","January 31, 2016",sample
"All the Birds in the Sky","Anders, Charlie Jane","January 29, 2016",amazon
"GREAT EXPECTATIONS (illustrated, complete, and with the..","DICKENS, CHARLES","January 25, 2016",amazon
"Hell's Super (Circles In Hell Book 1)","Cain, Mark","January 23, 2016",sample
"Beyond Words: Sobs, Hums, Stutters and other Vocalizations","Connor, Steven","January 22, 2016",sample
"Paraphernalia: The Curious Lives of Magical Things","Connor, Professor Steven","January 22, 2016",sample
"Mozart in the Jungle: Sex, Drugs, and Classical Music","Tindall, Blair","January 19, 2016",sample
"A Crude Look at the Whole: The Science of Complex Systems in..","Miller, John H.","January 19, 2016",sample
"Building Your Book for Kindle for Mac","Publishing, Kindle Direct","January 19, 2016",amazon
"Causation: A User's Guide","Paul, L. A.","January 19, 2016",sample
"Code: The Hidden Language of Computer Hardware and Software..","Petzold, Charles","January 18, 2016",sample
"The Tyranny of Experts: Economists, Dictators, and the..","Easterly, William","January 16, 2016",sample
"Nemesis Games (The Expanse)","Corey, James S.A.","January 14, 2016",sample
"The Life-Changing Magic of Tidying Up: The Japanese Art of..","Kondo, Marie","January 7, 2016",amazon
"The Camino and Me","Murphy, Mary","January 6, 2016",amazon
"Imhotep","Dubs, Jerry","January 6, 2016",amazon
"The Future of the Professions: How Technology Will Transform..","Susskind, Richard","January 4, 2016",sample
"Epitaph: A Novel of the O.K. Corral","Russell, Mary Doria","January 4, 2016",amazon
"Player Piano","Vonnegut, Kurt","January 3, 2016",sample
"The Perfection of the Paper Clip: Curious Tales of..","Ward, James","December 29, 2015",amazon
"Dead Soldiers (The Carl Burns Mystery Series Book 4)","Crider, Bill","December 26, 2015",amazon
"Ancillary Justice (Imperial Radch Book 1)","Leckie, Ann","December 25, 2015",amazon
"Master and Commander (Vol. Book 1) (Aubrey/Maturin Novels)","O'Brian, Patrick","December 23, 2015",amazon
"SuSAn: A Romance with Technology","Rothganger, Fred","December 21, 2015",amazon
"Here & There","Scher, Joshua V.","December 16, 2015",sample
"One Dead Dean - A Carl Burns Mystery (The Carl Burns..","Crider, Bill","December 15, 2015",amazon
"The Hidden Half of Nature: The Microbial Roots of Life and..","Montgomery, David R.","December 14, 2015",sample
"A Dangerous Thing (The Carl Burns Mystery Series Book 3)","Crider, Bill","December 13, 2015",amazon
"The Cask","Crofts, Freeman Wills","December 13, 2015",amazon
"The Pit-Prop Syndicate","Crofts, Freeman Wills","December 13, 2015",amazon
"Childhood's End (Arthur C. Clarke Collection)","Clarke, Arthur C.","December 11, 2015",sample
"Dying Voices (The Carl Burns Mystery Series Book 2)","Crider, Bill","December 10, 2015",amazon
"A Ghost of a Chance - A Dan Rhodes Mystery (Dan Rhodes..","Crider, Bill","December 10, 2015",amazon
"The Dark Forest (Remembrance of Earth's Past)","Liu, Cixin","December 10, 2015",sample
"The Omega Upgrade - A Short Story","Larter, Raima","December 7, 2015",amazon
"The Evolution of Everything: How New Ideas Emerge","Ridley, Matt","December 7, 2015",amazon
"Dark Matter and the Dinosaurs: The Astounding..","Randall, Lisa","November 27, 2015",sample
"The Meaning of Human Existence","Wilson, Edward O.","November 18, 2015",sample
"The Amoeba in the Room: Lives of the Microbes","Money, Nicholas P.","November 18, 2015",sample
"Superforecasting: The Art and Science of Prediction","Tetlock, Philip E.","November 14, 2015",amazon
"Pacific: Silicon Chips and Surfboards, Coral Reefs and Atom..","Winchester, Simon","November 9, 2015",sample
"Lonely Planet Sicily (Travel Guide)","Planet, Lonely","November 5, 2015",amazon
"The Mark and the Void: A Novel","Murray, Paul","October 31, 2015",sample
"Mindware: Tools for Smart Thinking","Nisbett, Richard E.","October 30, 2015",sample
"Foolproof: Why Safety Can Be Dangerous and How Danger Makes..","Ip, Greg","October 19, 2015",sample
"Rick Steves Portugal","Steves, Rick","October 18, 2015",amazon
"Play it as it Lays","Didion, Joan","October 16, 2015",amazon
"So, Anyway..","Cleese, John","October 11, 2015",amazon
"Phishing for Phools: The Economics of Manipulation and..","Akerlof, George A.","October 10, 2015",amazon
"Ubik","Dick, Philip K.","October 10, 2015",amazon
"The Bellini Card: A Novel (Investigator Yashim Book 3)","Goodwin, Jason","October 9, 2015",amazon
"Down the Rabbit Hole: Curious Adventures and Cautionary..","Madison, Holly","October 9, 2015",amazon
"The Man Who Folded Himself","Gerrold, David","October 9, 2015",amazon
"Slouching Towards Bethlehem","Didion, Joan","October 7, 2015",amazon
"Eclipse of Man: Human Extinction and the Meaning of Progress","Rubin, Charles T.","October 7, 2015",sample
"The World Beyond Your Head: On Becoming an Individual in an..","Crawford, Matthew B.","October 7, 2015",sample
"OneNote 2013 For Dummies","Russell, James H.","October 6, 2015",amazon
"Windows 10 All-in-One For Dummies","Leonhard, Woody","October 6, 2015",amazon
"Leaving the Atocha Station","Lerner, Ben","October 4, 2015",amazon
"10:04: A Novel","Lerner, Ben","October 4, 2015",sample
"Gamelife: A Memoir","Clune, Michael W.","October 4, 2015",sample
"Seven Bad Ideas: How Mainstream Economists Have Damaged..","Madrick, Jeff","October 4, 2015",sample
"Mycroft Holmes","Abdul-Jabbar, Kareem","October 2, 2015",sample
"Microsoft OneNote 2013: The Simple Guide","David, Seth","October 2, 2015",amazon
"Memoirs of a Neurotic Zombie","Norton, Jeff","October 1, 2015",sample
"Memoirs of a Neurotic Zombie: Escape from Camp","Norton, Jeff","October 1, 2015",sample
"Windows 10: The Missing Manual","Pogue, David","September 29, 2015",amazon
"State by State","Weiland, Matt","September 28, 2015",amazon
"The Impulse Society: America in the Age of Instant..","Roberts, Paul","September 26, 2015",sample
"The Progress Paradox: How Life Gets Better While People Feel..","Easterbrook, Gregg","September 26, 2015",sample
"The Rough Guide to Andalucia","Guides, Rough","September 19, 2015",amazon
"Rick Steves Spain 2016","Steves, Rick","September 14, 2015",amazon
"History of Western Philosophy: And Its Connection with..","Russell, Bertrand","September 8, 2015",amazon
"Faith Versus Fact: Why Science and Religion Are Incompatible","Coyne, Jerry A.","September 8, 2015",amazon
"The Map and the Territory","Houellebecq, Michel","September 7, 2015",sample
"Whatever (Serpent's Tail Classics)","Houellebecq, Michel","September 7, 2015",sample
"The Elementary Particles","Houellebecq, Michel","September 7, 2015",sample
"The Snake Stone: A Novel (Investigator Yashim Book 2)","Goodwin, Jason","September 3, 2015",amazon
"Applied Minds: How Engineers Think","Madhavan, Guru","September 3, 2015",amazon
"Gut: The Inside Story of Our Body's Most Underrated Organ","Enders, Giulia","September 1, 2015",sample
"Living High and Letting Die: Our Illusion of Innocence","Unger, Peter","August 30, 2015",sample
"Inherent Vice","Pynchon, Thomas","August 27, 2015",amazon
"Modern Romance","Ansari, Aziz","August 27, 2015",amazon
"The Shape of the New: Four Big Ideas and How They Made the..","Montgomery, Scott L.","August 24, 2015",sample
"Liberty: A Novel of Lake Wobegon (Lake Wobegon Novels)","Keillor, Garrison","August 23, 2015",sample
"CivilWarLand in Bad Decline: Stories and a Novella","Saunders, George","August 13, 2015",amazon
"Introducing Windows 10 for IT Professionals, Preview Edition","Bott, Ed","August 9, 2015",amazon
"Windows 8.1: 101 Tips & Tricks","Moeller, Jonathan","August 9, 2015",amazon
"Spurious Correlations","Vigen, Tyler","August 7, 2015",sample
"Crashed (A Junior Bender Mystery Book 1)","Hallinan, Timothy","August 3, 2015",amazon
"Snapper (Vintage Contemporaries)","Kimberling, Brian","August 3, 2015",amazon
"Underworld: A Novel","DeLillo, Don","August 3, 2015",sample
"Being Mortal: Medicine and What Matters in the End","Gawande, Atul","August 3, 2015",amazon
"The Fire Next Time (Vintage International)","Baldwin, James","August 2, 2015",sample
"Book of Numbers: A Novel","Cohen, Joshua","July 31, 2015",amazon
"The Life and Opinions of Tristram Shandy, Gentleman","Sterne, Laurence","July 27, 2015",amazon
"How Music Got Free: The End of an Industry, the Turn of the..","Witt, Stephen","July 27, 2015",sample
"Networked: The New Social Operating System (MIT Press)","Rainie, Lee","July 25, 2015",sample
"The Little Book on CoffeeScript","MacCaw, Alex","July 22, 2015",amazon
"Wuthering Heights","Brontë, Emily","July 16, 2015",amazon
"The Adventures of Sally (Unabridged Start Publishing LLC)","Wodehouse, P. G.","July 9, 2015",amazon
"The Nostalgia Factory","Draaisma, Douwe","July 2, 2015",amazon
"Rain: A Natural and Cultural History","Barnett, Cynthia","June 30, 2015",sample
"Forgetting: Myths, Perils and Compensations","Draaisma, Douwe","June 30, 2015",sample
"Rise of the Robots: Technology and the Threat of a Jobless..","Ford, Martin","June 24, 2015",amazon
"Rationality: From AI to Zombies","Yudkowsky, Eliezer","June 14, 2015",amazon
"The League of Extraordinary Gentlemen (Vol. 1)","MOORE, ALAN","June 14, 2015",amazon
"Judge This (TED Books)","Kidd, Chip","June 10, 2015",sample
"Misbehaving: The Making of Behavioral Economics","Thaler, Richard H.","May 31, 2015",sample
"Seveneves: A Novel","Stephenson, Neal","May 26, 2015",sample
"The Tastemakers: Why We're Crazy for Cupcakes but Fed Up..","Sax, David","May 25, 2015",sample
"Statistics Done Wrong: The Woefully Complete Guide","Reinhart, Alex","May 22, 2015",sample
"Shadow Work: The Unpaid, Unseen Jobs That Fill Your Day","Lambert, Craig","May 20, 2015",sample
"The Subprimes: A Novel","Greenfeld, Karl Taro","May 20, 2015",sample
"The Great Beanie Baby Bubble: Mass Delusion and the Dark..","Bissonnette, Zac","May 20, 2015",sample
"iZombie Vol. 1: Dead to the World","ROBERSON, CHRIS","May 19, 2015",sample
"Killer on the Road: Violence and the American Interstate..","Strand, Ginger","May 15, 2015",sample
"Quantum Computing since Democritus","Aaronson, Scott","May 15, 2015",amazon
"Evernote: The Ultimate Guide to Organizing your Life with..","Wire, Michael","May 12, 2015",sample
"Sex, Drugs, and Rock 'n' Roll: The Science of Hedonism and..","Cormier, Zoe","May 5, 2015",sample
"The Wild Oats Project: One Woman's Midlife Quest for Passion..","Rinaldi, Robin","May 5, 2015",sample
"Smoke Gets in Your Eyes: And Other Lessons from the..","Doughty, Caitlin","May 3, 2015",sample
"And Then There Were None","Christie, Agatha","May 2, 2015",amazon
"Consider Phlebas (A Culture Novel Book 1)","Banks, Iain M.","April 27, 2015",amazon
"The Powerhouse: Inside the Invention of a Battery to Save..","Levine, Steve","April 17, 2015",sample
"The Winter King: A Novel of Arthur (The Warlord Chronicles..","Cornwell, Bernard","April 17, 2015",sample
"Genghis: Birth of an Empire (Conqueror series Book 1)","Iggulden, Conn","April 17, 2015",sample
"The Last Kingdom (Saxon Tales Book 1)","Cornwell, Bernard","April 17, 2015",sample
"Superposition","Walton, David","April 12, 2015",amazon
"Culture and the Death of God","Eagleton, Terry","April 5, 2015",sample
"What's It All About?: Philosophy and the Meaning of Life","Baggini, Julian","April 5, 2015",sample
"Singularity Sky","Stross, Charles","April 5, 2015",sample
"My Real Children","Walton, Jo","April 4, 2015",sample
"Funny Girl: A Novel","Hornby, Nick","March 25, 2015",amazon
"The Quran Speaks","Sedq, Bahis","March 19, 2015",sample
"The Glass Cage: Automation and Us","Carr, Nicholas","March 17, 2015",sample
"Get What's Yours: The Secrets to Maxing Out Your Social..","Kotlikoff, Laurence J.","March 14, 2015",amazon
"Rust: The Longest War","Waldman, Jonathan","March 10, 2015",sample
"Dubliners (Annotated)","Joyce, James","March 8, 2015",amazon
"The Three-Body Problem (Remembrance of Earth's Past)","Liu, Cixin","March 2, 2015",amazon
"Walking the GR7 in Andalucia: From Tarifa to Puebla de Don..","Lowe, Michelle","March 1, 2015",sample
"My Top Five: Seville","White","March 1, 2015",amazon
"The Economy of Prestige","ENGLISH, James F.","February 25, 2015",sample
"Life in a Medieval Village","Gies, Frances","February 20, 2015",sample
"The Time Traveler's Guide to Medieval England: A Handbook..","Mortimer, Ian","February 20, 2015",sample
"The Princess Bride: S. Morgenstern's Classic Tale of True..","Goldman, William","February 14, 2015",sample
"Caffeinated: How Our Daily Habit Helps, Hurts, and Hooks Us","Carpenter, Murray","February 11, 2015",amazon
"Culture Crash: The Killing of the Creative Class","Timberg, Scott","February 8, 2015",sample
"Superintelligence: Paths, Dangers, Strategies","Bostrom, Nick","February 6, 2015",amazon
"Standard Deviations: Flawed Assumptions, Tortured Data, and..","Smith, Gary","February 6, 2015",amazon
"Why Football Matters: My Education in the Game","Edmundson, Mark","January 23, 2015",sample
"Against Football: One Fan's Reluctant Manifesto","Almond, Steve","January 23, 2015",sample
"Evernote Essentials: The Definitive Guide for New Evernote..","Kelly, Brett","January 20, 2015",sample
"Maps of Time: An Introduction to Big History (California..","Christian, David","January 20, 2015",sample
"Essential French Grammar (Dover Language Guides Essential..","Resnick, Seymour","January 20, 2015",amazon
"Slow Getting Up: A Story of NFL Survival from the Bottom of..","Jackson, Nate","January 20, 2015",amazon
"Master Evernote: The Unofficial Guide to Organizing Your..","Scott, S.J.","January 17, 2015",amazon
"Evernote: Unleashed! Remember Anything, Accomplish Any Goal,..","Bracht, Jason","January 17, 2015",amazon
"Seville, Córdoba, and Granada: A Cultural History..","Nash, Elizabeth","January 13, 2015",amazon
"The Victorian Internet: The Remarkable Story of the..","Standage, Tom","January 13, 2015",amazon
"Whatever Happened to the Metric System?: How America Kept..","Marciano, John Bemelmans","January 13, 2015",amazon
"The Looming Tower","Wright, Lawrence","January 13, 2015",sample
"Hall of Mirrors: The Great Depression, The Great Recession,..","Eichengreen, Barry","January 12, 2015",sample
"Dept. of Speculation","Offill, Jenny","January 10, 2015",sample
"Let's Talk About Love: Why Other People Have Such Bad Taste","Wilson, Carl","January 2, 2015",sample
"Excellent Sheep: The Miseducation of the American Elite and..","Deresiewicz, William","January 2, 2015",sample
"Carry On, Jeeves (illustrated)","Wodehouse, P.G.","January 1, 2015",amazon
"My Man Jeeves (Jeeves & Wooster Series)","Wodehouse, P. G.","January 1, 2015",amazon
"The Spellman Files: Document #1 (The Spellmans series)","Lutz, Lisa","January 1, 2015",sample
"Another Great Day at Sea: Life Aboard the USS George H.W. Bush","Dyer, Geoff","December 30, 2014",sample
"Hadrian the Seventh","Rolfe, Frederick","December 29, 2014",sample
"Joy in the Morning (Jeeves and Wooster Book 8)","Wodehouse, P. G.","December 28, 2014",amazon
"As You Wish: Inconceivable Tales from the Making of The..","Elwes, Cary","December 25, 2014",sample
"The Martian: A Novel","Weir, Andy","December 19, 2014",amazon
"Web Development with Node and Express: Leveraging the..","Brown, Ethan","December 12, 2014",amazon
"Node.js the Right Way: Practical, Server-Side JavaScript..","Wilson, Jim R.","December 11, 2014",sample
"Express Web Application Development","Yaapa, Hage","December 11, 2014",sample
"Wittgenstein Jr","Iyer, Lars","December 9, 2014",sample
"Making the Modern World: Materials and Dematerialization","Smil, Vaclav","December 9, 2014",sample
"The Rosie Project: A Novel (Don Tillman Book 1)","Simsion, Graeme","December 8, 2014",sample
"My Struggle: Book 1","Knausgaard, Karl Ove","December 7, 2014",sample
"The Tyranny of Silence","Rose, Flemming","December 6, 2014",sample
"The Art of Stillness: Adventures in Going Nowhere (TED..","Iyer, Pico","December 6, 2014",sample
"The Unspeakable: And Other Subjects of Discussion","Daum, Meghan","December 5, 2014",sample
"Midnight in Siberia: A Train Journey into the Heart of..","Greene, David","December 5, 2014",sample
"Stories of Your Life and Others","Chiang, Ted","November 26, 2014",sample
"Mermaids in Paradise: A Novel","Millet, Lydia","November 24, 2014",amazon
"Oh Pure and Radiant Heart","Millet, Lydia","November 23, 2014",sample
"Encyclopædia Moronica: Century","Ambatte, G","November 21, 2014",sample
"Encyclopædia Moronica: Volume II","Ambatte, G","November 21, 2014",sample
"Encyclopædia Moronica: Volume I","Ambatte, G","November 21, 2014",sample
"The Serpent's Promise: The Bible Interpreted Through Modern..","Jones, Steve","November 21, 2014",sample
"New Theories of Everything: The Quest for Ultimate..","Barrow, John D.","November 21, 2014",sample
"Case for Mars","Zubrin, Robert","November 12, 2014",amazon
"The Way of St James - France: Chemin de Saint-Jacques de..","Raju, Alison","November 10, 2014",amazon
"How to Speak Money: What the Money People Say-And What It..","Lanchester, John","October 21, 2014",amazon
"The Way, My Way","Bennett, Bill","October 19, 2014",amazon
"The Northern Caminos: Norte, Primitivo and Inglés (Cicerone..","Whitson, Dave","October 13, 2014",amazon
"Stuff Matters: Exploring the Marvelous Materials That Shape..","Miodownik, Mark","October 7, 2014",amazon
"In Search of Murder (An Inspector Alvarez Mystery)","Jeffries, Roderic","October 7, 2014",amazon
"Stuck in Downward Dog","Simmons, Chantel","September 13, 2014",amazon
"Waking Up: A Guide to Spirituality Without Religion","Harris, Sam","September 13, 2014",amazon
"Dear Committee Members: A novel","Schumacher, Julie","September 13, 2014",amazon
"Masters of Sex: The Life and Times of William Masters and..","Maier, Thomas","September 6, 2014",amazon
"Periodic Tales: A Cultural History of the Elements, from..","Aldersey-Williams, Hugh","September 6, 2014",amazon
"Everything and More: A Compact History of Infinity","Wallace, David Foster","September 6, 2014",amazon
"Geek Sublime: The Beauty of Code, the Code of Beauty","Chandra, Vikram","September 1, 2014",amazon
"Galicia Travel Diary - 2016: Santiago de Compostela and..","Aschiero, Walter","August 20, 2014",amazon
"Finisterre, the end of the Earth: From Santiago to..","Cerinto","August 20, 2014",amazon
"Northern Spain (illustrated)","Wigram, Edgar T. A.","August 20, 2014",amazon
"Lonely Planet Spain (Travel Guide)","Planet, Lonely","August 20, 2014",amazon
"Northern Spain Handbook, 6th edition (Footprint Handbooks)","Symington, Andy","August 20, 2014",amazon
"The Moral Landscape: How Science Can Determine Human Values","Harris, Sam","August 9, 2014",amazon
"On Being a Data Skeptic","O'Neil, Cathy","August 7, 2014",amazon
"The Magician's Land: A Novel (The Magicians Book 3)","Grossman, Lev","August 6, 2014",amazon
"Filthy Anal Threesome (Tales of a Closet Slut Book 2)","Mynx, Tory","July 18, 2014",amazon
"Filthy First Date (The Adventures of a Dirty Slut Book 2)","Holland, JT","July 18, 2014",amazon
"Secret Story Time: More Filthy Fantasies","Jaxx, Jason","July 18, 2014",amazon
"A History of the World in 6 Glasses","Standage, Tom","July 12, 2014",amazon
"23 Things They Don't Tell You about Capitalism","Chang, Ha-Joon","July 6, 2014",amazon
"Autopilot: The Art and Science of Doing Nothing","Smart, Andrew","July 6, 2014",amazon
"Solo: A James Bond Novel (James Bond - Extended Series Book..","Boyd, William","July 6, 2014",amazon
"Northanger Abbey","McDermid, Val","July 6, 2014",amazon
"Babycakes (Tales of the City Book 4)","Maupin, Armistead","July 6, 2014",amazon
"The Last Novel","Markson, David","July 1, 2014",amazon
"A Software Engineer Learns HTML5, JavaScript and jQuery: A..","Cameron, Dane","June 29, 2014",amazon
"How Not to Be Wrong: The Power of Mathematical Thinking","Ellenberg, Jordan","June 27, 2014",amazon
"Zuleika Dobson, or, an Oxford love story","Beerbohm, Sir Max","June 23, 2014",amazon
"Cubed: A Secret History of the Workplace","Saval, Nikil","May 26, 2014",amazon
"Some Danger Involved: A Novel (Barker and Llewelyn Book 1)","Thomas, Will","May 22, 2014",amazon
"The Black-Eyed Blonde: A Philip Marlowe Novel (Philip..","Black, Benjamin","May 22, 2014",amazon
"Junkyard Planet: Travels in the Billion-Dollar Trash Trade","Minter, Adam","May 22, 2014",amazon
"A Burnable Book: A Novel","Holsinger, Bruce","May 21, 2014",amazon
"To Rise Again at a Decent Hour: A Novel","Ferris, Joshua","May 20, 2014",amazon
"The Naked Future: What Happens in a World That Anticipates..","Tucker, Patrick","May 20, 2014",amazon
"The Word Exchange: A Novel","Graedon, Alena","May 4, 2014",amazon
"Slayer Slang: A Buffy the Vampire Slayer Lexicon","Adams, Michael","May 3, 2014",amazon
"Kapitoil: A Novel","Wayne, Teddy","May 3, 2014",amazon
"Flash Boys: A Wall Street Revolt","Lewis, Michael","May 3, 2014",amazon
"Dark Pools: The Rise of the Machine Traders and the Rigging..","Patterson, Scott","May 3, 2014",amazon
"Plato at the Googleplex: Why Philosophy Won't Go Away","Goldstein, Rebecca","April 28, 2014",amazon
"Why Geography Matters: More Than Ever","Blij, de","April 23, 2014",amazon
"Austenland: A Novel","Hale, Shannon","April 5, 2014",amazon
"Behind the Albergue Door: Inspiration Agony Adventure on the..","Johnston, Dean","March 29, 2014",amazon
"Further Tales of the City","Maupin, Armistead","March 29, 2014",amazon
"What Money Can't Buy: The Moral Limits of Markets","Sandel, Michael J.","March 22, 2014",amazon
"Italian Folktales","Calvino, Italo","March 20, 2014",amazon
"The Nonexistent Knight","Calvino, Italo","March 20, 2014",amazon
"Marcovaldo: or the Seasons in the City (Helen and Kurt Wolff..","Calvino, Italo","March 20, 2014",amazon
"Invisible Cities","Calvino, Italo","March 20, 2014",amazon
"The Cloven Viscount","Calvino, Italo","March 20, 2014",amazon
"More Tales of the City","Maupin, Armistead","March 10, 2014",amazon
"The Braindead Megaphone","Saunders, George","March 9, 2014",amazon
"Why We Get Fat: And What to Do About It","Taubes, Gary","March 5, 2014",amazon
"Tales of the City","Maupin, Armistead","March 5, 2014",amazon
"The Secret Life of Pronouns: What Our Words Say About Us","Pennebaker, James W.","March 3, 2014",amazon
"Quantum Mechanics: The Theoretical Minimum (Theoretical..","Susskind, Leonard","February 25, 2014",amazon
"The Theoretical Minimum: What You Need to Know to Start..","Hrabovsky, George","February 25, 2014",amazon
"The Little Prince for Grownups","Netto, Roberto Lima","February 25, 2014",amazon
"Sh*t.Falls.Up.","Deutsch, David","February 22, 2014",amazon
"How to Live: Or A Life of Montaigne in One Question and..","Bakewell, Sarah","January 26, 2014",amazon
"The King Must Die: A Novel","Renault, Mary","January 24, 2014",amazon
"Leaves of Grass: The First Edition (1855)","Whitman, Walt","January 21, 2014",amazon
"Out of the Black Land","Greenwood, Kerry","January 8, 2014",amazon
"Ruddy Gore: Phryne Fisher #7 (Phryne Fisher Mysteries)","Greenwood, Kerry","January 8, 2014",amazon
"Blood and Circuses: Phryne Fisher #6 (Phryne Fisher..","Greenwood, Kerry","January 8, 2014",amazon
"Death at Victoria Dock: Phryne Fisher #4 (Phryne Fisher..","Greenwood, Kerry","January 8, 2014",amazon
"Murder on the Ballarat Train: Phryne Fisher #3 (Phryne..","Greenwood, Kerry","January 8, 2014",amazon
"Flying Too High: Phryne Fisher #2 (Phryne Fisher Mysteries)","Greenwood, Kerry","January 8, 2014",amazon
"Intuition Pumps And Other Tools for Thinking","Dennett, Daniel C.","January 7, 2014",amazon
"Three Felonies A Day: How the Feds Target the Innocent","Silverglate, Harvey","December 28, 2013",amazon
"Piccadilly Jim","Wodehouse, P. G. (Pelham Grenville)","December 26, 2013",amazon
"Uneasy Money","Wodehouse, P. G. (Pelham Grenville)","December 26, 2013",amazon
"Psmith, Journalist","Wodehouse, P. G. (Pelham Grenville)","December 26, 2013",amazon
"The Girl on the Boat","Wodehouse, P. G. (Pelham Grenville)","December 26, 2013",amazon
"The Novels of P. G. Wodehouse (33 novels +) [Illustrated]","Wodehouse, P. G.","December 26, 2013",amazon
"Boswell's Life of Johnson Abridged and edited, with an..","Boswell, James","December 26, 2013",amazon
"Life of Johnson, Volume 1 1709-1765","Boswell, James","December 26, 2013",amazon
"Cooking Solves Everything: How Time in the Kitchen Can Save..","Bittman, Mark","December 25, 2013",amazon
"Three Cups of Deceit: How Greg Mortenson, Humanitarian Hero,..","Krakauer, Jon","December 25, 2013",amazon
"Elect H. Mouse State Judge: A Novel","Reifler, Nelly","December 20, 2013",amazon
"The Green Mill Murder: Phryne Fisher #5 (Phryne Fisher..","Greenwood, Kerry","December 17, 2013",amazon
"Urn Burial: Phryne Fisher #8 (Phryne Fisher Mysteries)","Greenwood, Kerry","December 6, 2013",amazon
"The Circle","Eggers, Dave","November 27, 2013",amazon
"The Reluctant Mr. Darwin: An Intimate Portrait of Charles..","Quammen, David","November 24, 2013",amazon
"Earthly Delights: Corinna Chapman #1","Greenwood, Kerry","November 23, 2013",amazon
"Cocaine Blues: Phryne Fisher #1 (Phryne Fisher Mysteries)","Greenwood, Kerry","November 23, 2013",amazon
"iOS 7 Programming Cookbook","Nahavandipoor, Vandad","November 16, 2013",amazon
"iOS Programming: The Big Nerd Ranch Guide, Third Edition..","Conway, Joe","November 16, 2013",amazon
"iOS 7 App Development Essentials","Smyth, Neil","November 16, 2013",amazon
"On Her Majesty's Secret Service (James Bond - Extended..","Fleming, Ian","November 6, 2013",amazon
"The Filthy Smut Series (Book Four)","Silvers, Stephanie","October 19, 2013",amazon
"New Girl: A Lesbian Erotica Short Story","Bliss, Harper","October 19, 2013",amazon
"Babysitting the Baumgartners","Kitt, Selena","October 19, 2013",amazon
"Hunger","Hamsun, Knut","September 16, 2013",amazon
"The Unknowns: A Novel","Roth, Gabriel","September 8, 2013",amazon
"Farewell to Reality: How Modern Physics Has Betrayed the..","Baggott, Jim","September 1, 2013",amazon
"Creating Mobile Apps with jQuery Mobile","Gliser, Shane","August 28, 2013",amazon
"Middlemarch","Eliot, George","August 1, 2013",amazon
"Mrs Dalloway","Woolf, Virginia","July 31, 2013",amazon
"The Love Affairs of Nathaniel P.: A Novel","Waldman, Adelle","July 31, 2013",amazon
"Thinking, Fast and Slow","Kahneman, Daniel","July 30, 2013",amazon
"Android Cookbook","Darwin, Ian F.","July 5, 2013",amazon
"Infinite Jest","Wallace, David Foster","July 4, 2013",amazon
"Maximize Your Medicare (2015 Edition): Understanding..","ChFC®, W.Oh CLU®","June 26, 2013",amazon
"Android Programming: The Big Nerd Ranch Guide (Big Nerd..","Hardy, Brian","June 24, 2013",amazon
"Programming Android: Java Programming for the New Generation..","Mednieks, Zigurd","June 24, 2013",amazon
"Camino Português: A Pilgrim's Journey","Petitti, Alda","June 16, 2013",amazon
"The Great Gatsby","Fitzgerald, F. Scott","May 31, 2013",amazon
"The Holy or the Broken: Leonard Cohen, Jeff Buckley, and the..","Light, Alan","May 29, 2013",amazon
"Not in the Flesh: A Wexford Novel (Inspector Wexford Book..","Rendell, Ruth","May 22, 2013",amazon
"End in Tears (Inspector Wexford Book 20)","Rendell, Ruth","April 30, 2013",amazon
"If on a winter's night a traveler","Calvino, Italo","March 29, 2013",amazon
"Paleofantasy: What Evolution Really Tells Us about Sex,..","Zuk, Marlene","March 29, 2013",amazon
"Consider the Fork: A History of How We Cook and Eat","Wilson, Bee","March 29, 2013",amazon
"The Babes in the Wood (Inspector Wexford Book 19)","Rendell, Ruth","March 29, 2013",amazon
"This Explains Everything: 150 Deep, Beautiful, and Elegant..","Brockman, John","March 2, 2013",amazon
"The Thinking Machine Mysteries: A Collection of Professor..","Futrelle, Jacques","February 17, 2013",amazon
"Raffles Collection (The collected stories of A. J. Raffles","Hornung, E. W.","February 17, 2013",amazon
"Varieties of Religious Experience, a Study in Human Nature","James, William","February 16, 2013",amazon
"A Man of Means","Wodehouse, P. G. (Pelham Grenville)","February 14, 2013",amazon
"Piccadilly Jim","Wodehouse, P. G. (Pelham Grenville)","February 14, 2013",amazon
"Love Among the Chickens A Story of the Haps and Mishaps on..","Wodehouse, P. G. (Pelham Grenville)","February 14, 2013",amazon
"A Damsel in Distress","Wodehouse, P. G. (Pelham Grenville)","February 14, 2013",amazon
"Three Men in a Boat","Jerome, Jerome K. (Jerome Klapka)","February 14, 2013",amazon
"Something New","Wodehouse, P. G. (Pelham Grenville)","February 14, 2013",amazon
"Right Ho, Jeeves","Wodehouse, P. G. (Pelham Grenville)","February 14, 2013",amazon
"My Man Jeeves","Wodehouse, P. G. (Pelham Grenville)","February 14, 2013",amazon
"The Man with Two Left Feet And Other Stories (Jeeves and..","Wodehouse, P. G. (Pelham Grenville)","February 14, 2013",amazon
"Love Conquers All","Benchley, Robert","February 14, 2013",amazon
"Of All Things","Benchley, Robert C.","February 14, 2013",amazon
"Parade's End (Wordsworth Classics)","Ford, Ford Madox","February 8, 2013",amazon
"How to Make People Like You in 90 Seconds or Less","Boothman, Nicholas","February 4, 2013",amazon
"The One-Minute Organizer Plain & Simple","Smallin, Donna","February 4, 2013",amazon
"Naked Statistics: Stripping the Dread from the Data","Wheelan, Charles","January 26, 2013",amazon
"The Past, Present, and Future of JavaScript","Rauschmayer, Axel","January 26, 2013",amazon
"Walking Guide to the Camino de Santiago History Culture..","Kelly, Gerald","January 25, 2013",amazon
"The Pilgrimage Road to Santiago: The Complete Cultural..","Gitlitz, David M.","January 25, 2013",amazon
"Race Against The Machine: How the Digital Revolution is..","Brynjolfsson, Erik","January 17, 2013",amazon
"The Signal and the Noise: Why So Many Predictions Fail-but..","Silver, Nate","January 11, 2013",amazon
"The Slacker Pilgrim Guide to the Camino de Santiago","Jen, Sunshine","January 3, 2013",amazon
"John Lennon: The Life","Norman, Philip","December 30, 2012",amazon
"My Booky Wook: A Memoir of Sex, Drugs, and Stand-Up","Brand, Russell","December 30, 2012",amazon
"Marilyn Monroe: Private and Confidential","Morgan, Michelle","December 30, 2012",amazon
"How To Succeed At Aging Without Really Dying","Ward, Lyla Blake","December 30, 2012",amazon
"A Working Theory of Love: A Novel","Hutchins, Scott","December 16, 2012",amazon
"The Pilgrimage (Plus)","Coelho, Paulo","December 1, 2012",amazon
"Automate This: How Algorithms Took Over Our Markets, Our..","Steiner, Christopher","October 28, 2012",amazon
"Sync: How Order Emerges from Chaos In the Universe, Nature,..","Strogatz, Steven H.","October 28, 2012",amazon
"Jane Eyre","Brontë, Charlotte","October 8, 2012",amazon
"The Trouble with Markets: Saving Capitalism from Itself","Bootle, Roger","October 5, 2012",amazon
"Manna: Two Visions of Humanity's Future","Brain, Marshall","October 4, 2012",amazon
"Your Camino","Nilsen, Sylvia","September 27, 2012",amazon
"Camino de Santiago: To Walk Far, Carry Less","Ashmore, Jean-Christie","September 27, 2012",amazon
"Following the Milky Way: A Pilgrimage on the Camino de..","Aviva, Elyn","September 15, 2012",amazon
"Camino de Santiago: A Guide to Walking the Camino Francés","Hamilton, Robert","September 15, 2012",amazon
"The Best Way: El Camino de Santiago","Walker, Bill","September 9, 2012",amazon
"Effective Programming: More Than Writing Code","Horror), Atwood (Coding","September 1, 2012",amazon
"Midnight in Austenland: A Novel","Hale, Shannon","August 20, 2012",amazon
"Where'd You Go, Bernadette: A Novel","Semple, Maria","August 19, 2012",amazon
"What in God's Name: A Novel","Rich, Simon","August 15, 2012",amazon
"Why Does the World Exist?: An Existential Detective Story","Holt, Jim","August 15, 2012",amazon
"Debunking Economics - Revised and Expanded Edition: The..","Keen, Steve","July 13, 2012",amazon
"Mennonite in a Little Black Dress: A Memoir of Going Home","Janzen, Rhoda","July 1, 2012",amazon
"Fifty Shades of Grey (Fifty Shades, Book 1)","James, E L","June 18, 2012",amazon
"Amped (Vintage Contemporaries)","Wilson, Daniel H.","June 11, 2012",amazon
"Bring Up the Bodies: A Novel (Wolf Hall Series Book 2)","Mantel, Hilary","June 8, 2012",amazon
"You Lost Me There","Baldwin, Rosecrans","June 7, 2012",amazon
"They Live (Deep Focus)","Lethem, Jonathan","May 17, 2012",amazon
"Believing the Lie: An Inspector Lynley Novel: A Lynley Novel","George, Elizabeth","May 6, 2012",amazon
"Practice Makes Perfect Complete Spanish Grammar","Nissenberg, Gilda","March 23, 2012",amazon
"The iOS 5 Developer's Cookbook: Expanded Electronic Edition:..","Sadun, Erica","March 8, 2012",amazon
"The Family Man","Lipman, Elinor","February 26, 2012",amazon
"The Long and the Short of It","Kay, John","February 25, 2012",amazon
"Implied Spaces","Williams, Walter Jon","February 22, 2012",amazon
"The Art of Fielding: A Novel","Harbach, Chad","February 19, 2012",amazon
"Frommer's Santa Fe, Taos and Albuquerque","King, Lesley S.","February 7, 2012",amazon
"Inside the Giant Machine: Confessions of a Former Amazon.com..","S., Kalpanik","January 22, 2012",amazon
"Death Comes to Pemberley","James, P.D.","January 15, 2012",amazon
"The Leftovers","Perrotta, Tom","January 15, 2012",amazon
"Lonely Planet Discover Spain (Travel Guide)","Planet, Lonely","January 14, 2012",amazon
"Fodor's Spain 2011 (Full-color Travel Guide)","Fodor's","January 14, 2012",amazon
"Frommer's Spain 2012 (Frommer's Complete Guides)","Porter, Darwin","January 14, 2012",amazon
"Rick Steves' Snapshot Barcelona (Rick Steves Snapshot)","Steves, Rick","January 14, 2012",amazon
"Travel Andalusia, Spain 2012 - Illustrated Guide, Phrasebook..","MobileReference","January 14, 2012",amazon
"Rick Steves' Snapshot Madrid & Toledo (Rick Steves Snapshot)","Steves, Rick","January 14, 2012",amazon
"House of Shards (Maijstral Series)","Williams, Walter Jon","January 13, 2012",amazon
"Robin Nixon's CSS & CSS3 Crash Course: Learn CSS in 16 Easy..","Nixon, Robin","January 10, 2012",amazon
"Robin Nixon's HTML & HTML5 Crash Course: Learn HTML5 in 20..","Nixon, Robin","January 10, 2012",amazon
"Rick Steves' Spain 2012","Steves, Rick","January 1, 2012",amazon
"The Rough Guide to Spain (Rough Guide Travel Guides)","Sorensen, AnneLise","January 1, 2012",amazon
"Spain","Webster, Wentworth","January 1, 2012",amazon
"The Kreutzer Sonata and Other Stories","Tolstoy, Leo","December 30, 2011",amazon
"The Fabric of Reality: The Science of Parallel..","Deutsch, David","December 27, 2011",amazon
"Prayers on the Wind","Williams, Walter Jon","November 20, 2011",amazon
"The Crown Jewels (Maijstral Series)","Williams, Walter Jon","November 20, 2011",amazon
"The Green Leopard Plague and Other Stories","Williams, Walter","November 20, 2011",amazon
"Retromania: Pop Culture's Addiction to Its Own Past","Reynolds, Simon","November 1, 2011",amazon
"Gun, with Occasional Music (Harvest Book)","Lethem, Jonathan","October 30, 2011",amazon
"Tomatoland: How Modern Industrial Agriculture Destroyed Our..","Estabrook, Barry","October 17, 2011",amazon
"The Magician King: A Novel (The Magicians Book 2)","Grossman, Lev","October 3, 2011",amazon
"Jane Eyre","Brontë, Charlotte","August 28, 2011",amazon
"The Beginning of Infinity: Explanations That Transform the..","Deutsch, David","August 18, 2011",amazon
"The Great Stagnation: How America Ate All The Low-Hanging..","Cowen, Tyler","August 18, 2011",amazon
"Marshall McLuhan: You Know Nothing of My Work!","Coupland, Douglas","August 16, 2011",amazon
"Before I Go To Sleep: A Novel","Watson, S. J.","August 16, 2011",amazon
"iOS 4 Programming Cookbook: Solutions & Examples for iPhone,..","Nahavandipoor, Vandad","July 29, 2011",amazon
"Jane and the Madness of Lord Byron: Being A Jane Austen..","Barron, Stephanie","July 17, 2011",amazon
"Learning GNU Emacs","Elliott, James","May 29, 2011",amazon
"Writing GNU Emacs Extensions: Editor Customizations and..","Glickstein, Bob","May 29, 2011",amazon
"Look to Windward (A Culture Novel Book 7)","Banks, Iain M.","May 11, 2011",amazon
"The Elegant Universe: Superstrings, Hidden Dimensions, and..","Greene, Brian","March 23, 2011",amazon
"The Information: A History, a Theory, a Flood","Gleick, James","March 19, 2011",amazon
"Frommer's Italy 2011 (Frommer's Color Complete)","Porter, Darwin","March 19, 2011",amazon
"How to Live Safely in a Science Fictional Universe: A Novel","Yu, Charles","March 19, 2011",amazon
"Jane and the Barque of Frailty (Being a Jane Austen Mystery..","Barron, Stephanie","March 18, 2011",amazon
"Celine Dion's Let's Talk About Love: A Journey to the End of..","Wilson, Carl","March 18, 2011",amazon
"Shades of Grey: A Novel","Fforde, Jasper","March 18, 2011",amazon
"The Trouble With Physics: The Rise of String Theory","Smolin, Lee","March 18, 2011",amazon
"One of Our Thursdays Is Missing: A Thursday Next Novel","Fforde, Jasper","March 16, 2011",amazon
"The Golden Age of Science Fiction: An Anthology of 50 Short Stories","Various","March 13, 2011",amazon
"Rick Steves' Italy 2011","Steves, Rick","January 29, 2011",amazon
"The Hound of the Baskervilles","Doyle, Sir Arthur Conan","January 14, 2011",amazon
"Rick Steves' Snapshot Naples & the Amalfi Coast","Steves, Rick","October 6, 2010",amazon
"Sicily Adventure Guide (Adventure Guides)","Lane, Joanne","July 17, 2010",amazon
"Travel Sicily, Italy 2011 - Illustrated Guide, Phrasebook &..","MobileReference","July 15, 2010",amazon
"Lonely Planet Italy: Sicily","Quintero, Josephine","June 10, 2010",amazon
"Michelin Sicily","Michelin","June 10, 2010",amazon
"Lonely Planet Italy (Country Guide)","Leviton, Alex","June 10, 2010",amazon
"The Rough Guide to Italy","Dunford, Martin","June 10, 2010",amazon
"Rick Steves' Snapshot Sevilla, Granada & Southern Spain..","Steves, Rick","June 7, 2010",amazon
"Wolf Hall: A Novel","Mantel, Hilary","April 3, 2010",amazon
"Free: The Future of a Radical Price","Anderson, Chris","July 16, 2009",amazon
"Prisoner of Trebekistan: A Decade in Jeopardy!","Harris, Bob","April 11, 2009",amazon
"Brainiac: Adventures in the Curious, Competitive, Compulsive..","Jennings, Ken","April 11, 2009",amazon
"Traffic","Vanderbilt, Tom","April 6, 2009",amazon
"Charlie Chan Complete Bundle","Biggers, Earl Derr","April 4, 2009",amazon
"Six Geese A-Slaying (Meg Langslow Mysteries)","Andrews, Donna","April 4, 2009",amazon
"St. Dale","Mccrumb, Sharyn","April 4, 2009",amazon
"The Ascent of Money: A Financial History of the World","Ferguson, Niall","April 4, 2009",amazon
"Psmith, Journalist","Wodehouse, P. G. (Pelham Grenville)","April 4, 2009",amazon
"Father Brown Mysteries Collection","Chesterton, G.K.","April 4, 2009",amazon
"UR","King, Stephen","April 4, 2009",amazon
"Library of the World's Best Mystery and Detective Stories","HAWTHORNE, JULIAN","March 12, 2009",amazon
"Heart of Darkness","Conrad, Joseph","March 12, 2009",amazon
"The Picture of Dorian Gray","Wilde, Oscar","March 12, 2009",amazon
"The Adventures of Sherlock Holmes","Doyle, Sir Arthur Conan","March 12, 2009",amazon
"Roughing It (mobi) (Enriched Classics)","Twain, Mark","May 28, 2008",amazon
"The Golden Compass: His Dark Materials","Pullman, Philip","April 26, 2008",amazon
"Persuasion: (A Modern Library E-Book)","Austen, Jane","March 9, 2008",amazon
"The Infinite Book: A Short Guide to the Boundless, Timeless..","Barrow, John D.","March 8, 2008",amazon
"Predictably Irrational","Ariely","March 8, 2008",amazon
"The Thing About Life is That One Day You'll Be Dead","Shields, David","March 8, 2008",amazon
"Gods Behaving Badly: A Novel","Phillips, Marie","March 8, 2008",amazon
"Decoding the Universe: How the New Science of Information Is..","Seife, Charles","March 8, 2008",amazon
"Loser Goes First: My Thirty-Something Years of Dumb Luck and..","Kennedy, Dan","March 8, 2008",amazon
"The Pirate's Dilemma: How Youth Culture Is Reinventing..","Mason, Matt","March 8, 2008",amazon
"Twinkie, Deconstructed: My Journey to Discover How the..","Ettlinger, Steve","March 5, 2008",amazon
"The Rest Is Noise: Listening to the Twentieth Century","Ross, Alex","March 5, 2008",amazon
"Malpractice in Maggody: An Arly Hanks Mystery","Hess, Joan","January 29, 2008",amazon
